{"ik": [{"position": [2.220446049250313e-16, 5.983127489330156, 0.0], "name": "Clavicle", "orient": [180.0, -1.1689968816437398e-14, 73.7531628992669]}, {"position": [8.250177516866895, 3.5789141551920713, 2.1047638082532517e-15], "name": "ClavicleEnd", "orient": [180.0, -0.0, 73.7531628992669]}]}