{
  "ik": [
    {
      "position": [
        2.220446049250313e-16,
        5.983127489330156,
        0.0
      ],
      "name": "Clavicle",
      "orient": [
        180.0,
        -1.1689968816437398e-14,
        73.7531628992669
      ]
    },
    {
      "position": [
        8.250177516866895,
        3.5789141551920713,
        2.1047638082532517e-15
      ],
      "name": "ClavicleEnd",
      "orient": [
        180.0,
        -0.0,
        73.7531628992669
      ]
    }
  ],
  "ik2jnt": [
    {
      "position": [
        0.0,
        20.500088116481137,
        -2.8227675332863753
      ],
      "name": "Clavicle",
      "orient": [
        -90.00000000000003,
        58.49573328079579,
        89.99999999999997
      ]
    },
    {
      "position": [
        -1.2818989709841442e-30,
        12.575537872288825,
        -7.679749941017153
      ],
      "name": "Elbow",
      "orient": [
        89.99999999999999,
        -58.34283369842301,
        90.0
      ]
    },
    {
      "position": [
        -2.272885176241133e-15,
        5.527435581371251,
        -3.334028839363297
      ],
      "name": "Palm",
      "orient": [
        90.00000000000004,
        -58.34283369842301,
        89.99999999999994
      ]
    }
  ]
}