{"ik": [{"position": [2.220446049250313e-16, 5.983127489330156, 0.0], "name": "Clavicle", "orient": [-180.0, 7.016709298534881e-15, 73.7531628992669]}, {"position": [8.250177516866895, 3.5789141551920713, -3.944304526105059e-31], "name": "ClavicleEnd", "orient": [-180.0, -0.0, 73.7531628992669]}]}