{"ik": [{"position": [2.220446049250313e-16, 5.983127489330156, 0.0], "name": "Clavicle", "orient": [180.0, -1.1689968816437398e-14, 73.7531628992669]}, {"position": [8.250177516866895, 3.5789141551920713, 2.1047638082532517e-15], "name": "ClavicleEnd", "orient": [180.0, -0.0, 73.7531628992669]}], "ik2jnt": [{"position": [7.494005416219807e-16, 20.063389483148313, 1.7347234759768076e-16], "name": "Clavicle", "orient": [-86.17722728142513, 60.54219731461094, 117.135791936653]}, {"position": [2.895269897261871, 13.158109190392691, -4.216655916286485], "name": "Elbow", "orient": [85.56885314820357, 64.88911914824936, -70.20775091316567]}, {"position": [6.444328825910697, 5.436138919571798, -0.24820167054186237], "name": "Palm", "orient": [85.56885314820357, 64.88911914824936, -70.20775091316567]}]}